<?xml version="1.0" encoding="UTF-8" ?>
<XML_DIZ_INFO>
	<MASTER_PAD_VERSION_INFO>
		<MASTER_PAD_VERSION>3.01</MASTER_PAD_VERSION>
		<MASTER_PAD_EDITOR>PADGen 3.0.1.37 http://www.padgen.org</MASTER_PAD_EDITOR>
		<MASTER_PAD_INFO>Portable Application Description, or PAD for short, is a data set that is used by shareware authors to disseminate information to anyone interested in their software products. To find out more go to http://www.asp-shareware.org/pad</MASTER_PAD_INFO>
	</MASTER_PAD_VERSION_INFO>
	<Company_Info>
		<Company_Name>Laurent Destailleur</Company_Name>
		<Address_1>61 Boulevard Vauban</Address_1>
		<Address_2 />
		<City_Town>Montigny-le-Bretonneux</City_Town>
		<State_Province>Yvelines</State_Province>
		<Zip_Postal_Code>78180</Zip_Postal_Code>
		<Country>FRANCE</Country>
		<Company_WebSite_URL>http://www.destailleur.fr</Company_WebSite_URL>
		<Contact_Info>
			<Author_First_Name>Laurent</Author_First_Name>
			<Author_Last_Name>Destailleur</Author_Last_Name>
			<Author_Email>eldy@users.sourceforge.net</Author_Email>
			<Contact_First_Name>Laurent</Contact_First_Name>
			<Contact_Last_Name>Destailleur</Contact_Last_Name>
			<Contact_Email>eldy@users.sourceforge.net</Contact_Email>
		</Contact_Info>
		<Support_Info>
			<Sales_Email>eldy@users.sourceforge.net</Sales_Email>
			<Support_Email>eldy@users.sourceforge.net</Support_Email>
			<General_Email>eldy@users.sourceforge.net</General_Email>
			<Sales_Phone />
			<Support_Phone />
			<General_Phone />
			<Fax_Phone />
		</Support_Info>
	</Company_Info>
	<Program_Info>
		<Program_Name>AWStats</Program_Name>
		<Program_Version>6.8</Program_Version>
		<Program_Release_Month>04</Program_Release_Month>
		<Program_Release_Day>13</Program_Release_Day>
		<Program_Release_Year>2008</Program_Release_Year>
		<Program_Cost_Dollars />
		<Program_Cost_Other_Code />
		<Program_Cost_Other />
		<Program_Type>Freeware</Program_Type>
		<Program_Release_Status>Minor Update</Program_Release_Status>
		<Program_Install_Support>No Install Support</Program_Install_Support>
		<Program_OS_Support>Windows2000,WinXP,Windows2003,Windows Vista Starter,Windows Vista Home Basic,Windows Vista Home Premium,Windows Vista Business,Windows Vista Enterprise,Windows Vista Ultimate,Windows Vista Home Basic x64,Windows Vista Home Premium x64,Windows Vista Business x64,Windows Vista Enterprise x64,Windows Vista Ultimate x64,Unix,Linux,Linux GPL,Linux Open Source,MS-DOS,OS/2,OS/2 Warp,OS/2 Warp 4,Mac PPC,Mac OS X,Mac Other,OpenVMS</Program_OS_Support>
		<Program_Language>English,Arabic,Armenian,Bulgarian,Catalan,Chinese,ChineseSimplified,ChineseTraditional,Croatian,Czech,Danish,Dutch,Estonian,Finnish,French,Galician,German,Greek,Hebrew,Hungarian,Icelandic,Indonesian,Italian,Japanese,Korean,Latvian,Norwegian,Other,Polish,Portuguese,Romanian,Russian,Serbian,Slovak,Slovenian,Spanish,Swedish,Thai,Turkish,Ukrainian,Welsh</Program_Language>
		<Program_Change_Info />
		<Program_Specific_Category>Development Tools</Program_Specific_Category>
		<Program_Category_Class>Web Development::Log Analysers</Program_Category_Class>
		<Program_System_Requirements />
		<File_Info>
			<File_Size_Bytes>1076321</File_Size_Bytes>
			<File_Size_K>1051</File_Size_K>
			<File_Size_MB>1.03</File_Size_MB>
		</File_Info>
		<Expire_Info>
			<Has_Expire_Info>N</Has_Expire_Info>
			<Expire_Count />
			<Expire_Based_On>Days</Expire_Based_On>
			<Expire_Other_Info />
			<Expire_Month />
			<Expire_Day />
			<Expire_Year />
		</Expire_Info>
	</Program_Info>
	<Program_Descriptions>
		<English>
			<Keywords>awstats,opensource,log,logs,analyzer,analyze,webalyzer,analog,apache,iis,postfix,open,source,free,perl,mail,web,ftp,streaming,server,combined,file,webmin</Keywords>
			<Char_Desc_45>AWStats - Open source log file analyzer</Char_Desc_45>
			<Char_Desc_80>AWStats - Free log file analyzer for advanced web statistics (GNU GPL)</Char_Desc_80>
			<Char_Desc_250>AWStats is a free powerful and featureful server logfile analyzer that shows you</Char_Desc_250>
			<Char_Desc_450>AWStats is a free powerful and featureful web server logfile analyzer (Perl script) that shows you all your Web statistics including visits, unique visitors, pages, hits, rush hours, os, browser's versions, search engines, keywords, robots visits, broken links and more... Works with all major web, wap, proxy servers and some mail and ftp servers. Works as a CGI and/or from command line. Distributed under GNU General Public License.</Char_Desc_450>
			<Char_Desc_2000>AWStats is a free powerful and featureful tool that generates advanced web (but also ftp or mail) server
statistics, graphically. This log analyzer works as a CGI or from command line and shows you all possible information your log contains, in few graphical web pages like visits, unique vistors, authenticated users, pages, domains/countries, OS busiest times, robot visits, type of files, search engines/keywords used, visits duration, screen size, HTTP errors and more...
Statistics can be updated from a browser or your scheduler.
It uses a partial information file to be able to process large log files, often and quickly.
It can analyze log files from IIS (W3C log format), Apache log files (NCSA combined/XLF/ELF log format or common/CLF log format), WebStar and most of all web, proxy, wap, streaming servers (and ftp servers or mail logs).
The program also supports virtual servers, plugins and a lot of features.</Char_Desc_2000>
		</English>
		<French>
			<Keywords>awstats,opensource,log,logs,analyseur,analyse,webalyzer,analog,apache,iis,open,source,libre,perl,mail,web,ftp,streaming,serveur,combined,fichier,webmin</Keywords>
			<Char_Desc_45>Analyseur de log libre</Char_Desc_45>
			<Char_Desc_80>Analyseur de log libre pour statistiques avancées</Char_Desc_80>
			<Char_Desc_250>Analyseur de log libre pour statistiques avancées</Char_Desc_250>
			<Char_Desc_450>AWStats est un analyseur de log synthétisant graphiquement toutes vos statistiques d'accès à vos serveurs web comme les visites, visiteurs uniques, pages, hits, heures de pointes, moteurs de recherche, mot clés, liens invalides et des fonctions inédites comme la détection des visites de robots indexeurs, le plus grand nombre de moteurs de recherche détéctés parmi les produits de sa catégorie, etc... Fonctionne avec les log de tout serveur Web.</Char_Desc_450>
			<Char_Desc_2000>AWStats est un outils pour générer des statistiques avancés d'un serveur web (mais aussi ftp ou mail) de manière graphique.
Cet analyseur de log fonctionne en CGI ou en ligne de commande et syntétise toutes les informations que vos logs contiennent en
quelques pages comme les visites, visiteurs uniques, logins, pages vues, domaines/pays, heures de pointes, visites des robots, 
type de fichiers, moteurs de recherche, mots et phrases clés, durée des visites, répartition clusters, erreurs HTTP mais aussi
support java,flash,etc des navigateurs, résolution d'écran, estimation des ajouts aux favoris, etc...
Les statistiques peuvent etre mise à jour par un navigateur ou un séquenceur.
AWStats génère un fichier d'informations consolidés pour pouvoir traiter de large sites souvent et rapidement.
Il peut analyser des logs IIS (W3C log format), fichier log Apache (format NCSA combined/XLF/ELF ou format common/CLF), WebStar et la plupart des logs de serveur web, proxy, wap, streaming serveurs (et aussi serveurs ftp et de mails).
Ce programme supporte de plus les serveurs virtuels, des plugins et de nombreuses fonctionalités.</Char_Desc_2000>
		</French>
	</Program_Descriptions>
	<Web_Info>
		<Application_URLs>
			<Application_Info_URL>http://awstats.sourceforge.net</Application_Info_URL>
			<Application_Order_URL>http://awstats.sourceforge.net</Application_Order_URL>
			<Application_Screenshot_URL>http://awstats.sourceforge.net/docs/images/screen_shot_1.png</Application_Screenshot_URL>
			<Application_Icon_URL>http://awstats.sourceforge.net/docs/images/awstats.gif</Application_Icon_URL>
			<Application_XML_File_URL>http://awstats.sourceforge.net/docs/pad_awstats.xml</Application_XML_File_URL>
		</Application_URLs>
		<Download_URLs>
			<Primary_Download_URL>http://awstats.sourceforge.net/files/awstats.zip</Primary_Download_URL>
			<Secondary_Download_URL>http://downloads.sourceforge.net/awstats/awstats-6.8.tar.gz</Secondary_Download_URL>
			<Additional_Download_URL_1 />
			<Additional_Download_URL_2 />
		</Download_URLs>
	</Web_Info>
	<Permissions>
		<Distribution_Permissions />
		<EULA />
	</Permissions>
</XML_DIZ_INFO>
